hierarchical_cluster,age,bmi,HbA1c_level,blood_glucose_level
1,0.2747229243259621,0.2905617758406765,0.34475682331212804,0.22268623024830694
2,0.8006585612968592,0.3876618758319221,0.5883945841392649,0.7659574468085106
3,0.6800305662935971,0.39272250991497604,0.368698752228164,0.25297682709447405
